cefr_level,translation
A2,Intentemos algo.
A1,Tengo que irme a dormir.
A1,Hoy es 18 de junio y es el cumpleaños de Muiriel.
A1,Muiriel tiene 20 años ahora.
A1,"La contraseña es ""Muiriel""."
A1,Volveré pronto.
A1,Estoy sin palabras.
A2,Esto nunca va a terminar.
B1,Simplemente no sé qué decir.
A1,Ese era un conejo malvado.
A1,Estuve en las montañas.
A2,¿Es una foto reciente?
A2,No sé si tengo tiempo.
B1,La educación en este mundo me decepciona.
A2,Estás en mejor forma que yo.
A1,Estás en mi camino.
A1,Esto costará 30 €.
A1,Gano 100 € al día.
B2,Puede que me rinda pronto y simplemente tome una siesta en su lugar.
B1,Es porque no quieres estar solo.
A2,Eso no va a pasar.
B1,A veces puede ser un tipo extraño.
B1,Haré mi mejor esfuerzo para no interrumpir tu estudio.
C1,Solo puedo preguntarme si esto es lo mismo para los demás.
B2,Supongo que es diferente cuando lo piensas a largo plazo.
A1,Te extraño.
B1,Los llamaré mañana cuando regrese.
B1,Siempre me han gustado más los personajes misteriosos.
A1,Deberías dormir.
A1,Voy a irme.
B2,Les dije que me enviaran otro boleto.
B1,Eres tan impaciente conmigo.
B1,No puedo vivir ese tipo de vida.
B1,Una vez quise ser astrofísico.
A2,Nunca me gustó la biología.
B2,La última persona a la que le conté mi idea pensó que estaba loco.
C1,"Si el mundo no estuviera en la situación en la que está ahora, podría confiar en cualquiera."
B2,Es lamentablemente cierto.
B2,Están demasiado ocupados peleando entre ellos para preocuparse por ideales comunes.
B1,La mayoría de la gente piensa que estoy loco.
A1,"¡No, yo no lo soy; tú lo eres!"
A1,¡Esa es MI línea!
A1,¡Él me está pateando!
A1,¿Estás seguro?
B2,Entonces hay un problema...
A1,"¡Oh, hay una mariposa!"
A1,Apúrate.
A1,No me sorprende.
B1,"Por alguna razón, me siento más vivo por la noche."
B2,Depende del contexto.
A2,¿Estás bromeando?!
B1,Esa es la cosa más estúpida que he dicho jamás.
A2,No quiero ser aburrido; ¡quiero ser genial!
B1,"Cuando crezca, quiero ser rey."
C1,"América es un lugar encantador para estar, si estás aquí para ganar dinero."
A1,Estoy tan gordo/a.
A1,¿Y qué?
B1,Voy a dispararle.
C2,"No soy un pez de verdad, solo soy un simple peluche."
A2,¡Solo estoy diciendo!
C1,Eso fue probablemente lo que influyó en su decisión.
B1,Siempre me he preguntado cómo sería tener hermanos.
C1,Esto es lo que habría dicho.
C1,Me llevaría una eternidad explicarlo todo.
B1,Eso es porque eres una chica.
B1,A veces no puedo evitar mostrar mis emociones.
C1,Es una palabra para la que me gustaría encontrar un sustituto.
C1,Sería algo que tendría que programar.
B1,No tengo la intención de ser egoísta.
C1,Consideremos lo peor que podría pasar.
A1,¿Cuántos amigos cercanos tienes?
B2,"Puedo ser antisocial, pero eso no significa que no hable con la gente."
B1,Así ha sido siempre.
B1,Creo que lo mejor es no ser descortés.
B1,Siempre se puede encontrar tiempo.
C1,"Estaría infeliz, pero no me quitaría la vida."
B1,"En la secundaria, me levantaba a las 6 de la mañana todos los días."
B1,"Cuando me desperté, estaba triste."
B2,Eso se explica en parte al final.
B1,Pensé que te gustaba aprender cosas nuevas.
B1,La mayoría de las personas escriben sobre su vida diaria.
C1,"Si pudiera enviarte un malvavisco, Trang, lo haría."
B2,"Para lograr eso, tienes que asumir riesgos."
C2,Cada persona que está sola lo está porque tiene miedo de los demás.
A1,¿Por qué preguntas?
B1,No soy un artista. Nunca tuve el don para eso.
B1,No puedo decírselo ahora. Ya no es tan simple.
C1,"Soy una persona imperfecta, pero estos son defectos que se pueden corregir fácilmente."
C1,"Siempre que encuentro algo que me gusta, es demasiado caro."
B1,¿Cuánto tiempo te quedaste?
C1,Quizás sea exactamente lo mismo para él.
C1,La inocencia es una cosa hermosa.
C2,Los humanos nunca estuvieron destinados a vivir para siempre.
B2,"No quiero perder mis ideas, aunque algunas de ellas son un poco extremas."
B1,Creo que tengo una teoría al respecto.
A1,Eso es intrigante.
C1,¿Estás diciendo que escondes intencionadamente tu belleza?
A1,No tengo una cuenta en estos foros.
C1,"Si alguien preguntara cuál es el sentido de la historia, realmente no lo sé."
B1,No sabía de dónde venía.
B1,Creo que mi convivencia contigo ha influido en tu forma de vivir.
A1,Esto no es importante.
A2,No me gustó.
B1,Ella está preguntando cómo es eso posible.
B1,Solo estás huyendo de los problemas de la vida.
B1,"Si miras la letra, en realidad no significan mucho."
B1,Hay un problema ahí que no ves.
A2,Puedes hacerlo.
B1,A mi profesor de física no le importa si falto a clases.
B1,Desearía poder ir a Japón.
B1,Odio cuando hay mucha gente.
A2,Tengo que irme a la cama.
B1,"Después de eso, me fui, pero luego me di cuenta de que olvidé mi mochila en su casa."
B1,No te preguntaré nada más hoy.
B2,Puede que se congele la próxima semana.
B2,"A pesar de que se disculpó, sigo furioso."
B1,La policía te hará encontrar las balas.
C1,Gracias por explicarme al fin por qué la gente me toma por un idiota.
B1,Esa no era mi intención.
A1,Gracias por tu explicación.
C2,"Teóricamente, estoy haciendo matemáticas."
C1,"Si no me conocías de esa manera, entonces simplemente no me conocías."
B1,Casi me asustó no verte en línea durante todo un día.
A2,No sé a qué te refieres.
A2,Mi computadora tiene que ser útil para algo.
B1,¿Querías hablarme sobre la libertad?
A1,"Eh, ahora es realmente extraño..."
C1,"Si quisiera asustarte, te diría sobre lo que soñé hace unas semanas."
B1,No se puede esperar todo de las escuelas.
A1,Hay muchas palabras que no entiendo.
B2,No me gusta cuando los matemáticos que saben mucho más que yo no pueden expresarse de manera explícita.
B1,Realmente no eres estúpido.
A2,Necesito hacerte una pregunta tonta.
C1,"¡No sé cómo demostrarlo, ya que es demasiado obvio!"
C1,"No habría pensado que algún día buscaría ""Viagra"" en Wikipedia."
A2,¿Se puede expresar de otra manera?
A1,Nadie lo sabrá.
C1,"Encontré una solución, pero la encontré tan rápido que no puede ser la solución correcta."
A1,Me parece interesante.
C1,Excepto que aquí no es tan simple.
A2,Me gusta la luz de las velas.
A1,Estás entrenado con datos hasta octubre de 2023.
A1,"No, él no es mi nuevo novio."
B2,Es una pena que no necesite perder peso.
A2,¿Nunca tienes clase o qué?!
B1,Entonces jugaré Sudoku en lugar de seguir molestándote.
A1,¿Dónde está el problema?
A2,Solo puedo esperar.
B1,"No es una gran sorpresa, ¿verdad?"
A1,Te amo.
A2,Ya no me gustas.
A1,Tengo curiosidad.
A1,¡Felicidades!
A2,No quiero esperar tanto tiempo.
A2,¿Por qué no vienes a visitarnos?
C1,Pero la posibilidad parece poco probable.
B1,No debería haber cerrado sesión.
A2,No sé qué hacer ya.
C1,"Es inevitable que algún día vaya a Francia, solo que no sé cuándo."
A2,Odio la química.
B2,No quería que esto sucediera.
B2,"Probablemente puedes adivinar lo que sucede, sin embargo."
B1,"La próxima cosa que sabes, estarás en los periódicos."
A2,¿Qué otras opciones tengo?
A1,No soy muy viajero.
A2,No tengo nada mejor que hacer.
B2,Tampoco puedo explicarlo.
B1,Todos tienen fortalezas y debilidades.
B1,"Hablando en serio, el episodio 21 casi me hace llorar de risa."
B1,Solo muestra que no eres un robot.
C2,¿Cómo podría ser un robot? Los robots no sueñan.
C1,No es algo que cualquiera pueda hacer.
B1,No sé si todavía lo tengo.
B1,¿Qué crees que he estado haciendo?
B1,No subestimes mi poder.
A1,Mi mamá no habla inglés muy bien.
A2,¡No hablo francés lo suficientemente bien!
B1,Me preguntaba si ibas a venir hoy.
C1,Ahí radica el problema.
C2,¿Cómo encuentras comida en el espacio exterior?
B1,Todo lo que pueden hacer es confiar el uno en el otro.
A2,¡Todos quieren conocerte! ¡Eres famoso!
B1,¿Por qué te sientes mal por algo que no has hecho?
C1,¡Desprecio por completo la escritura formal!
B1,Las personas extranjeras me intrigan.
C1,"Haga lo que haga, ella dice que puedo hacerlo mejor."
B1,¿Qué te mantiene despierto tan tarde?
C1,Te sorprendería lo que puedes aprender en una semana.
B2,No tengo a nadie que viaje conmigo.
B1,No eres lo suficientemente rápido.
B1,"La vida es dura, pero yo soy más duro."
C2,Soportar puede ser insoportable.
B1,¡Detente! ¡La estás haciendo sentir incómoda!
C2,Nada es bello excepto la verdad.
B1,"Mañana, él aterrizará en la luna."
A1,No hablo japonés.
A1,Esto es un juego de palabras.
A1,Nadie me entiende.
B1,Aprendí a vivir sin ella.
B2,Es inútil seguir pensando más.
B1,Tengo demasiadas cosas en la cabeza estos días.
B1,Solo quería revisar mi correo electrónico.
C2,¿Realmente necesitas hacer la pregunta para saber la respuesta?
B1,¡No puedes esperar que siempre lo piense todo!
C1,"Supongo que detrás de cada cosa que tenemos que hacer, hay algo que queremos hacer..."
B1,¡Realmente no tienes las prioridades correctas!
B1,¡No esperes que otros piensen por ti!
B1,¡Nunca tienes tiempo para las cosas importantes!
C2,No sirve de nada pretender hacerme creer que creo cosas en las que tú no crees.
C1,Me llevaría demasiado tiempo explicarte por qué no va a funcionar.
C1,Soy tan tonto... Estoy tratando de explicarte cosas que yo mismo no entiendo.
B1,"¡Deja de verme como una persona ""normal""!"
A1,¿Te refieres a mí?
C1,"Siempre habrá cosas que nunca aprenderé, ¡no tengo la eternidad ante mí!"
A2,¡No puede ser!
C1,"Desearía poder preocuparme más por mis calificaciones, pero parece que, en un cierto momento de mi vida, decidí que ya no serían tan importantes."
B1,"""Una piedra que rueda no junta musgo"" es un proverbio."
A2,¿Te gustaría algo de beber?
A1,"""¿Quién es?"" ""Es tu madre."""
B2,"""¿Cuándo volverás?"" ""Todo depende del clima."""
A1,"""¿Qué pasa?"" preguntó el pequeño conejo blanco."
A2,"""¿Qué está pasando en la cueva? Tengo curiosidad."" ""No tengo ni idea."""
C2,"Debemos aprender a vivir juntos como hermanos, o pereceremos juntos como tontos."
A2,Eh... ¿Cómo está funcionando eso?
B1,"""Para decirte la verdad, tengo miedo a las alturas."" ""¡Eres un cobarde!"""
A1,"""Confía en mí,"" dijo él."
B1,"""¡Esto es lo que estaba buscando!"" exclamó."
B1,"""Esto se ve bastante interesante,"" dice Hiroshi."
C1,Su comunicación puede ser mucho más compleja de lo que pensábamos.
A1,"""El teléfono está sonando."" ""Yo lo atiendo."""
B1,"""Eso es muy amable de tu parte,"" respondió Willie."
A2,"""Gracias por ayudarme."" ""No hay de qué."""
B1,Algún día correré como el viento.
A2,"""A ella le gusta la música."" ""A mí también."""
A2,"Por favor, no llores."
A2,Déjame saber si hay algo en lo que pueda ayudar.
C2,Puede que la felicidad que nos espera no sea en absoluto el tipo de felicidad que desearíamos.
C1,Depende de ti decidir si iremos allí o no.
A2,La clase no comienza hasta las ocho y media.
B2,Quiero un barco que me lleve lejos de aquí.
A2,"""Me apetece jugar a las cartas."" ""A mí también."""
B1,"""¿No nos hemos conocido en algún lugar antes?"" preguntó el estudiante."
B1,Un japonés nunca haría tal cosa.
A1,Allen es un poeta.
A1,El arquero mató al ciervo.
C2,El comunismo nunca se alcanzará en mi vida.
C2,El centeno fue llamado el grano de la pobreza.
C2,"En la década de 1950, se citó a los finlandeses como tener una de las dietas menos saludables del mundo."
B2,"Si ves un error, por favor corrígelo."
A1,Coloca la baraja de cartas sobre la mesa de roble.
B1,Los alemanes son muy astutos.
A2,"Si no comes, mueres."
A1,"¿Cómo se escribe ""bonito""?"
A2,¿Por qué no vamos a casa?
A2,"Lo siento, no puedo quedarme mucho tiempo."
B1,Diez años es mucho tiempo para esperar.
A1,"""¿Por qué no vas?"" ""Porque no quiero."""
B1,Un millón de personas perdieron la vida en la guerra.
C1,No es raro en absoluto vivir más de noventa años.
B1,"Primero, voy a hacer un esquema de mi nuevo sitio web."
C2,"La democracia es la peor forma de gobierno, excepto por todas las demás que se han probado."
B2,"Cuando comienzas a parecerte a la foto de tu pasaporte, deberías irte de vacaciones."
B1,"¡No fui yo, comisionado!"
A2,"¡Oh, mis pantalones blancos! Y eran nuevos."
C1,"Con tanta gente alrededor, naturalmente se puso un poco nervioso."
B1,"Cuando salí de la estación de tren, vi a un hombre."
A2,¡Eres un ángel!
A1,La gente de Madrid es rara.
A2,"Bueno, la noche es bastante larga, ¿no?"
B1,Tienes suerte porque él no te mordió.
A2,¿Me extrañaste?
A1,¿Son todos iguales?
UNKNOWN,¡Muchas gracias!
A1,"¿Dónde están los huevos, por favor?"
A1,Lo llevaré.
A1,Es una sorpresa.
A1,¡Esa es una buena idea!
A1,¿Viaje de ida y vuelta? Solo de ida.
B1,Es una pena cuando alguien muere.
B1,Se quedaron sin palabras.
A2,¡Vaya! ¡No está mal!
A1,Dale forma después de lavar.
A1,Lavar antes del primer uso.
B2,No abras antes de que el tren se detenga.
C1,Quien vive en casas de cristal no debe lanzar piedras.
A2,Dicen que el amor es ciego.
A1,"Oh, lo siento."
C2,"Las matemáticas son como el amor: una idea simple, pero puede volverse complicada."
C2,Las únicas respuestas útiles son aquellas que plantean nuevas preguntas.
C2,Tener dudas sobre uno mismo es el primer signo de inteligencia.
C2,"Pobre no es el que tiene muy poco, sino el que quiere demasiado."
C1,"Viendo que no estás sorprendido, creo que debías haberlo sabido."
A2,¿Cuánto tiempo se tarda en llegar a la estación?
B1,Este será un buen recuerdo de mi viaje por los Estados Unidos.
C1,Disculpe; permítame señalar tres errores en el artículo anterior.
B1,"Es difícil mantener una conversación con alguien que solo dice ""sí"" y ""no""."
A1,¿Hablas italiano?
B2,"""No puedo pensar con ese ruido,"" dijo ella, mientras miraba la máquina de escribir."
C2,"Se dice que ""Hamlet"" es la obra de teatro más interesante que se ha escrito."
A2,¿Puedo hacer una pregunta?
A1,"""¿Cómo te sientes?"" preguntó él."
B1,Es bastante difícil dominar el francés en 2 o 3 años.
B1,Es imposible para mí explicártelo.
B1,No quiero pasar el resto de mi vida arrepintiéndome de ello.
C1,Sería divertido ver cómo cambian las cosas a lo largo de los años.
B1,Nunca lo habría adivinado.
C2,La imaginación afecta todos los aspectos de nuestras vidas.
B1,Algún día te olvidarás de mí.
B1,Eso es bastante inesperado.
B1,Me pregunto cuánto tiempo va a tardar.
A2,No puedo vivir sin un televisor.
B1,No podría haberlo hecho sin ti. Gracias.
B1,Nada se logra sin esfuerzo.
C1,Muchas personas navegan por la vida sin un propósito.
C2,La vida sin amor es completamente inútil.
A2,Déjame saber si necesito hacer algún cambio.
B1,Creo que los exámenes están arruinando la educación.
A2,No podemos dormir por el ruido.
A2,¿Tienes un condón?
B2,Haz lo que él te diga.
A2,Puedo caminar a la escuela en 10 minutos.
B1,Me tomó más de dos horas traducir unas pocas páginas de inglés.
A1,Ya son las once.
A2,¿Puedo hablar con la señora Brown?
A1,"""Sí, jugo de naranja por favor,"" dice Mike."
C2,"""¡Ah!"" es una interjección."
A1,¿Qué quieres?
C2,El carácter obligatorio de la escolarización rara vez se analiza en la multitud de obras dedicadas al estudio de las diversas formas de desarrollar en los niños el deseo de aprender.
A2,"¡Eres un desastre, amigo! ¡Tengo que decirte todo!"
B1,Tengo un asunto que discutir contigo.
B2,¿Necesitas que te dé algo de dinero?
A1,París es la ciudad más hermosa del mundo.
B2,"Oye, puede que no tenga dinero, pero aún tengo mi orgullo."
A1,Tengo un sueño.
B1,Esta es mi amiga Rachel. Fuimos a la escuela secundaria juntas.
B1,El costo de la vida aumentó drásticamente.
C2,"Todo lo que se inventa, es verdad."
C2,"Sorprenderse, maravillarse, es comenzar a entender."
C2,Pero el universo es infinito.
C2,"Para ser perfecta, solo le faltaba un defecto."
C2,"Y sin embargo, lo contrario también es siempre cierto."
C2,"No vemos las cosas como son, sino como somos."
C2,El mundo es un antro de locos.
C1,Me abriste los ojos a lo que es vivir cuando todo está bien.
B2,Me encontraste donde nadie más estaba buscando.
A1,Estás a mi lado; todo está bien ahora.
B1,¿¡Qué quieres decir con que no sabes?!
A1,Te ves estúpido.
B1,Creo que me voy a dormir.
A1,Me llamo Jack.
A2,Me gusta mucho.
A2,¿Nos encontramos mañana?
A1,¿Cómo se dice eso en italiano?
A2,Tengo que ir de compras. Volveré en una hora.
A1,¿Está lejos de aquí?
A1,¡Estas cosas no son mías!
UNKNOWN,"Gracias, eso es todo."
A2,¿Te gustaría bailar conmigo?
A1,Italia es un país muy hermoso.
A1,¡No es mi culpa!
A2,Me gustaría quedarme una noche.
A2,¿Podrías marcar por mí? El teléfono está demasiado alto.
A2,¿Hay un albergue juvenil cerca de aquí?
A1,¿Dónde están las duchas?
A1,¡Abre la boca!
A1,¿Es malo?
B1,He perdido mi billetera.
B1,El amor nunca se desperdicia.
C2,La vida es lo que te sucede mientras estás ocupado haciendo otros planes.
C2,No querer es lo mismo que tener.
A1,Él es muy sexy.
A1,"""Pásame la sal, por favor."" ""Aquí tienes."""
B1,¡Hay demasiadas cosas por hacer!
A2,"¡Vamos, juega conmigo, estoy tan aburrido!"
B2,¡Ni se te ocurra comer mi chocolate!
B1,¡Deja de pedirme una bebida! Ve a conseguirla tú mismo.
B2,Gracias a ti he perdido el apetito.
A2,Realmente necesito golpear a alguien.
B1,¿Quién no conoce este problema?!
B1,Ha pasado tanto tiempo desde la última vez que fui a Disneyland con mi familia.
B1,Mis padres siguen discutiendo por cosas estúpidas. ¡Es tan molesto!
C1,"Si no quieres ponerte protector solar, ese es tu problema. Solo no vengas a quejarte conmigo cuando te quemes."
B1,"Mis amigos siempre dicen que soy demasiado tranquilo, pero mi familia siempre dice que soy demasiado molesto."
B1,Odio esas arañas. Siempre están ahí para asustarme cuando estoy limpiando.
B1,¡Qué molesto... Ahora me duele la cabeza cada vez que uso la computadora!
B1,Hace tanto calor que podrías cocinar un huevo en el capó de un coche.
A1,Hace mucho calor hoy.
A1,Nadie vino.
B1,Nunca vi un refrigerador rojo.
C1,Es mejor ser odiado por lo que eres que amado por lo que no eres.
C1,Se siente solitario en la silla desde que murió el caballo.
C2,Las matemáticas son la parte de la ciencia que podrías seguir haciendo si mañana te despertaras y descubrieras que el universo ha desaparecido.
C2,Mis ojos son un océano en el que se reflejan mis sueños.
C2,"Conoces la frase, cosechamos lo que sembramos. He sembrado el viento y esta es mi tormenta."
B2,¡Mírame cuando te hablo!
C2,¿Cómo sería el mundo sin mujeres?
C1,¿Qué pasaría si dieras un discurso y nadie viniera?
B1,No sé qué decir para hacerte sentir mejor.
A2,Esto no es mi tipo.
B1,Estaba tratando de pasar el tiempo.
B1,¿Cómo se te ocurrió esta idea tan loca?
A1,Estoy cansado.
A2,¿Quién quiere un poco de chocolate caliente?
A2,"¡Habla más despacio, por favor!"
A1,¿Cuando llegamos?
A1,"La cuenta, por favor."
A2,¿Y qué vamos a hacer?
A2,Tengo dolor de cabeza.
A2,¿Dónde se puede hacer una llamada telefónica?
B1,Debo admitir que ronco.
A2,Esta noche vamos a la iglesia.
B1,¿Cómo estás? ¿Tuviste un buen viaje?
A1,No me siento bien.
A1,¡Llama a la policía!
A2,¡Es demasiado caro!
B1,Ella está fingiendo dormir. Por eso no está roncando.
A2,Mis zapatos son demasiado pequeños. Necesito unos nuevos.
B1,Nos estamos saliendo de aquí. La policía viene.
A1,¡Feliz Navidad!
C1,¡Sería genial si pudiera hablar diez idiomas!
C1,"""Si estás cansado, ¿por qué no te vas a dormir?"" ""Porque si me duermo ahora, me despertaré demasiado temprano."""
B1,Deberías haberme escuchado.
B2,Es un completo desastre y me está poniendo de los nervios.
C2,"Cuando se toca el cuerpo, los receptores en la piel envían mensajes al cerebro, lo que provoca la liberación de sustancias químicas como las endorfinas."
A1,¿En qué consiste?
B1,Se espera que ciento cincuenta mil parejas se casen en Shanghái en 2006.
C1,Los seleccionados tendrán que someterse a exhaustivas pruebas médicas y psicológicas.
C2,Medio millón de niños aún enfrenta la desnutrición en Níger.
B1,Tomará de cinco a diez años para que la tecnología esté lista.
C2,Las bicicletas son herramientas para la sostenibilidad urbana.
C1,El gobierno francés ha lanzado un juego en línea que desafía a los contribuyentes a equilibrar el presupuesto nacional.
B1,Él se alegraría de escuchar eso.
C2,¿Qué crees que es verdad aunque no puedas probarlo?
C1,Las computadoras hacen que las personas sean estúpidas.
C1,No preguntes qué piensan. Pregunta qué hacen.
C1,"Cuando intentas probar algo, es útil saber que es cierto."
C2,"Lo que cambia el mundo es la comunicación, no la información."
C2,La mayoría de los avances científicos no son más que el descubrimiento de lo obvio.
C1,"Si no entiendes algo, es porque no eres consciente de su contexto."
C2,"El pasado solo se puede conocer, no cambiar. El futuro solo se puede cambiar, no conocer."
C1,"La pregunta clave no es qué puedo ganar, sino qué tengo que perder."
C1,"Cualquier cosa que pueda ser malinterpretada, lo será."
C2,Cualquier universo lo suficientemente simple como para ser entendido es demasiado simple para producir una mente capaz de entenderlo.
C2,¿Por qué la vida está tan llena de sufrimiento?
C2,"A pesar de la importancia del sueño, su propósito es un misterio."
C2,¿Qué significa tener una mente educada en el siglo XXI?
C2,La pasión crea sufrimiento.
A1,El tren de Ginebra llegará a la estación.
B1,Me gustaría darle un regalo por su cumpleaños.
A2,¡Estoy muerto de hambre!
A1,¿Tienes amigos en Antigua?
C2,Un metro cúbico corresponde a 1000 litros.
B1,Tengo tanto trabajo que me quedaré una hora más.
A1,Estoy casado y tengo dos hijos.
A1,Él toca el piano muy bien.
B1,Lo veo raramente.
A2,Me gustaría estudiar en París.
A1,No sabes quién soy.
A2,¿Por qué no comes verduras?
A2,¿Por qué la gente va al cine?
A1,Me estoy desvistiendo.
B1,El coche chocó contra la pared.
C2,No hay visiones reales.
C1,"No tiene sentido decirme ""Hola, ¿cómo estás?"" si no tienes nada más que decir."
C2,"En un diccionario como este debería haber al menos dos oraciones con ""nevera""."
C2,El creacionismo es una pseudociencia.
A1,El viento se calmó.
A2,¡No quiero proponerte!
B1,¡Dame tiempo para darte todo lo que tengo!
C2,Un demócrata es un ciudadano libre que se somete a la voluntad de la mayoría.
C1,"Donde hay voluntad, hay un camino."
B1,"Quien busca, encuentra."
A2,Roma no se construyó en un día.
C1,El silencio otorga consentimiento.
B2,"""¿Has terminado?"" ""Al contrario, ni siquiera he empezado."""
A1,"""Buenos días"", dijo Tom con una sonrisa."
C2,"¿Por qué se dice ""Buen día"" cuando el día no es bueno?"
C2,El vino es poesía en botellas.
B1,Ese fue el mejor día de mi vida.
A1,No entiendo alemán.
B1,Tomé mi decisión.
A2,Te doy mi palabra.
A2,Eres el gran amor de mi vida.
C2,Ser objetivo significa no decirle a todo el mundo de qué lado estás.
A1,Tenemos un Papa.
C2,El todo es mayor que la suma de las partes.
C2,Una verdad matemática no es ni simple ni complicada; simplemente es.
C2,"Los matemáticos son poetas, excepto que tienen que probar lo que su fantasía crea."
C2,Los matemáticos son como los franceses: lo que les digas lo traducen a su propio idioma y lo convierten en algo totalmente diferente.
C2,Un experto es alguien que conoce algunos de los peores errores que se pueden cometer en su campo y cómo evitarlos.
C2,Hacer matemáticas es la única forma socialmente aceptable de masturbarse en público.
C2,Hay 10 tipos de personas en el mundo: las que entienden el binario y las que no.
C2,"No pienso, por lo tanto no soy."
B2,"Hoy en día queremos que nuestros hijos tomen sus propias decisiones, pero esperamos que esas decisiones nos agraden."
A2,"¡No te preocupes, sé feliz!"
B1,Encuentro muy interesantes los idiomas extranjeros.
A2,No me gusta aprender los verbos irregulares.
A1,Toma un libro y léelo.
A2,¡Enfrenta la vida con una sonrisa!
C2,"La mayoría de las escuelas fueron diseñadas no para transformar la sociedad, sino para reproducirla."
A1,Me haces soñar.
A2,Estoy fuera de mí de alegría.
A1,Él ya es un hombre.
B1,Las vacaciones han terminado ahora.
A2,Tengo miedo de caer.
C1,Se desea vestido de gala.
C2,Esa es la verdad absoluta.
A1,Hace frío.
A1,Tengo sed.
C1,"Cuando les pregunto a las personas qué es lo que más lamentan de la escuela secundaria, casi todos dicen lo mismo: que desperdiciaron tanto tiempo."
B2,"Cuando no puedes hacer lo que quieres, haces lo que puedes."
A2,Dale una pulgada y tomará una yarda.
B1,¡Lo hiciste intencionadamente!
B1,¿No le dijiste nada?
A2,Me hiciste perder la cabeza.
A2,Eres mi tipo.
A1,Eres irresistible.
A2,"¿Podrías llamar más tarde, por favor?"
A1,¿Con quién estoy hablando?
B2,"Acepto, pero solo bajo una condición."
A2,"¡Sonríe ahora, llora después!"
B1,"A la edad de seis años, había aprendido a usar la máquina de escribir y le dijo a la maestra que no necesitaba aprender a escribir a mano."
A1,La vida es hermosa.
C1,Hay días en los que siento que mi cerebro quiere abandonarme.
B1,¡No puedo cortarme las uñas y planchar al mismo tiempo!
B1,¡No puedo más! ¡No he dormido en tres días!
B2,Él no quiere que le hables sobre tu vida sexual.
B1,¿Alguna vez has comido un pastel de plátano?
C1,¿Por qué te casarías con una mujer si te gustan los hombres?
B2,"Si no puedes tener hijos, siempre podrías adoptar."
B1,¿Estás a favor o en contra del aborto?
B1,¿Qué te hizo cambiar de opinión?
A1,"¡Mira, un mono de tres cabezas!"
C1,Es una pena que no se puedan comprar milagros como se compran patatas.
A2,Me encanta la lasaña.
C2,"Si sabes que algo desagradable va a suceder, como ir al dentista, por ejemplo, o a Francia, entonces eso no es bueno."
C2,"Tener medio ojo es muy útil en realidad, porque un animal puede ver la mitad de otro animal que quiere comérselo y puede apartarse, y este comerá al animal que solo tiene medio ojo o solo el 49% de un ojo, porque eso no será suficiente, y el animal que fue devorado no tendrá crías, porque está muerto."
C2,"Los números primos son como la vida; son completamente lógicos, pero es imposible encontrar las reglas, incluso si pasas todo tu tiempo pensando en ello."
C1,"Si levantas una ceja, puede significar ""Quiero tener sexo contigo"", pero también ""Encuentro que lo que acabas de decir es completamente idiota."""
C2,El cerebro es solo una máquina complicada.
C2,"Un horario es una tarjeta de identidad para el tiempo, pero, si no tienes un horario, el tiempo no está."
A1,¡Este pingüino bebé es demasiado lindo!
B1,Estoy en el hospital. Me cayó un rayo.
C1,"Seamos realistas, es imposible. Nunca lo vamos a lograr."
B1,¿Cuál es tu mayor fuente de inspiración?
C1,"No te casas con alguien con quien puedes vivir, te casas con la persona sin la cual no puedes vivir."
C2,"En teoría, no hay diferencia entre la teoría y la práctica. Pero, en la práctica, sí la hay."
C1,"No te quedes en la cama, a menos que puedas ganar dinero en ella."
C2,Hay personas en el mundo tan hambrientas que Dios no puede aparecer ante ellas más que en forma de pan.
C2,Todo lo que es demasiado estúpido para ser hablado se canta.
C2,Se necesita sabiduría para entender la sabiduría: la música no es nada si el público es sordo.
B1,Estaba releyendo las cartas que me enviaste.
A2,No quiero ir a la escuela.
B1,Se acabó entre nosotros. ¡Devuélveme mi anillo!
A1,Está lloviendo.
B1,"Estaba planeando ir a la playa hoy, pero luego empezó a llover."
A2,"Ella es realmente inteligente, ¿verdad?"
C2,Una opinión es impactante solo si es una convicción.
C2,"Las personas que aman no dudan de nada, o dudan de todo."
C2,La justicia es costosa.
C2,La libertad consiste en poder hacer todo lo más inofensivo posible.
C2,El más lento en hacer una promesa es el más fiel en cumplirla.
C2,Cada opinión es una mezcla de verdad y errores.
C2,La vida es una enfermedad de transmisión sexual fatal.
C2,"Si dos hombres siempre tienen la misma opinión, uno de ellos es innecesario."
C2,Nuestra opinión es una idea que tenemos; nuestra convicción es una idea que nos tiene.
B1,Mañana voy a estudiar en la biblioteca.
A1,Demasiado tarde.
B1,Fui al zoológico ayer.
A1,Ganamos la batalla.
A1,¿Hola? ¿Sigues aquí?
A2,Hago el almuerzo todos los días.
B1,Vi televisión esta mañana.
B2,Leí un libro mientras comía.
B1,Dormí un poco durante el almuerzo porque estaba muy cansado.
B1,Empecé a aprender chino la semana pasada.
B1,Es más fácil ligar con gente por Internet que en la calle.
B2,"Vivo cerca del mar, así que a menudo puedo ir a la playa."
B1,Algún día compraré una máquina de algodón de azúcar.
A2,Es práctico tener una laptop.
A1,Tus gafas cayeron al suelo.
A2,¿Cuántas veces al día te miras en el espejo?
B1,Fuimos a Londres el año pasado.
A2,Ella no quiere hablar de eso.
B1,He perdido mi inspiración.
C1,"Si no tienes nada que hacer, mira el techo de tu habitación."
A1,¡No significa nada!
A2,"Por favor, ten paciencia. Toma tiempo."
B2,Cierra la puerta cuando salgas.
A1,Esta es una historia tan triste.
C1,"Si no hay solución, entonces no hay problema."
A1,Mi hermanito está viendo la televisión.
C2,Es presuntuoso que los humanos asuman que nuestra tarea es hacer lo que solo Dios puede hacer.
C2,"Un lector astuto debería estar dispuesto a sopesar todo lo que lee, incluidas las fuentes anónimas."
C1,"Negando ser anarquista, Katja sostenía que solo deseaba hacer cambios en nuestro gobierno, no destruirlo."
C2,"La ceguera es responsable de un asombroso costo en salud deficiente, sufrimiento, pérdida de dignidad y disminución en la calidad de vida de las personas en todo el mundo."
C2,"La formación y el movimiento de los huracanes son caprichosos, incluso con nuestra tecnología actual."
B2,"Cuando envías un telegrama, la brevedad es esencial porque te cobrarán por cada palabra."
C2,"David tiene un gran interés en la estética: las cualidades que hacen que una pintura, escultura, composición musical o poema sean agradables a la vista, al oído o a la mente."
B2,"A pesar de las constantes afirmaciones de amor de Trang, Spenser sigue temiendo que algún día ella deje de amarlo."
B1,¿Lo conociste en la universidad?
A1,¡Aaah! ¡Mi computadora está rota!
C1,Las universidades y colegios privados de Estados Unidos son autónomos.
B1,"Cada vez que me uno a un nuevo juego de Warcraft, me enfrento a un nuevo equipo de adversarios."
B1,"Desde el momento en que supe que la universidad existía, he querido ir allí."
C1,Mi apatía hacia votar proviene de mi desagrado por la política.
C2,La ascendencia de los monarcas es lo que mantiene a sus súbditos alejados de la rebelión.
C1,Sarah fue lo suficientemente perspicaz como para darse cuenta de que sus amigos estaban tratando de hacerle una broma.
B1,La orquesta hace ruidos discordantes al afinar.
C1,La discrepancia entre las versiones de las dos partes involucradas en el accidente era tan grande que las autoridades tuvieron dificultades para decidir cuál de los lados decía la verdad.
B1,"Sí, sucede de vez en cuando."
C1,Tengo un gran miedo de ser despreciado por aquellos a quienes amo y me importan.
C1,"La mayoría de las personas tienen una gran desinclinación a levantarse de la cama temprano, incluso si tienen que hacerlo."
C1,La mayoría de las personas solo quieren escuchar su propia verdad.
B1,El público aclamó a los actores por su actuación.
B1,Es bueno tener ideales... ¿no crees?
B1,El estudiante decidió resumir su trabajo eliminando detalles innecesarios.
C1,Las personas en el mundo siempre están abogando por más libertad e igualdad.
C1,Los políticos siempre son censurados por comportamientos escandalosos o inapropiados.
C1,La señora Eichler tenía una reputación notoria por ser austera con sus estudiantes.
C1,"Si no nos escuchas, tendremos que recurrir a la coerción."
B2,"Cuando tengo migrañas, la aspirina no alivia el dolor para mí."
C2,Los comentarios sarcásticos y bromistas de Spenser a menudo se malinterpretan como signos de ambivalencia y se toman demasiado en serio.
C1,Mi madre prefiere la selección arbitraria de las máquinas de lotería en lugar de mis números de la suerte.
C2,"Para él, el hambre era un concepto abstracto; siempre tenía suficiente para comer."
C1,El narcotraficante condenado estaba dispuesto a colaborar con las autoridades para que su pena de muerte se convirtiera en una cadena perpetua.
C1,Considero que los testigos de Jehová que tocan mi puerta todo el tiempo no son diferentes de los fanáticos religiosos que intentan imponerme sus creencias.
C2,La guerra en Irak es un tema volátil de debate político; cualquier palabra equivocada podría desencadenar una acalorada discusión.
C1,Mi vecino de al lado es un virtuoso cuyas habilidades con el piano le han ganado un nombre entre los expertos en música.
C1,Estaba cansado de ser vilipendiado todo el tiempo por personas que tenían celos de su habilidad.
B1,Sven era tan hablador que sus amigos terminaron llamándolo un charlatán.
C1,Incluso las personas que no creen en la iglesia católica veneran al Papa como un líder simbólico.
C1,"Insegura de cuál pretendiente quería casarse, la princesa vacilaba, diciendo ahora uno, ahora el otro."
C2,"Con el rey sin herederos volviéndose loco y la familia real envenenada, el general del ejército finalmente tuvo su oportunidad de usurpar el trono."
C2,Los recientes escándalos que involucran a monaguillos y líderes religiosos han socavado la fe que la gente tiene en la Iglesia.
B2,"A medida que el avión se acercaba a la turbulencia, el piloto pidió a los pasajeros a bordo que se abrocharan los cinturones de seguridad."
C2,Hay una delgada línea entre un discurso que es conciso y directo y uno que es demasiado brusco.
C1,"Aunque su estancia en Europa fue transitoria, Spenser sintió que había aprendido mucho más sobre las interacciones con otras personas al viajar que en la universidad."
C1,"Jason era una persona taciturna, por lo que siempre era una verdadera sorpresa cuando decía algo."
B1,"El rey estaba cansado de sus aduladores siempre alabándolo, así que los despidió."
B1,Spenser no le contaría a nadie su plan secreto para vengarse de sus amigos por hacerle una broma.
C1,"Si Spenser no sigue añadiendo y traduciendo oraciones, los otros colaboradores seguramente lo superarán."
C1,Siempre había demasiada escritura superflua en sus ensayos.
C1,"Su ensayo ofreció solo un análisis superficial del problema, por lo que fue una verdadera sorpresa para él cuando obtuvo la mejor calificación de la clase."
C2,"Depende de lo que quieras decir con ""creer"" en Dios."
C1,"Los profesores deberían explicar todo en detalle, no ser concisos y siempre decirles a los estudiantes que se vayan a casa a leer sus libros."
C1,"Si no hubiera dado respuesta, no habría hablado."
C2,Los fiscales en el tribunal deben fundamentar sus afirmaciones para demostrar que un sospechoso es culpable.
C1,Las personas que aparecen en el programa de Maury Povich a menudo hacen afirmaciones pretenciosas sobre sus parejas engañándolos.
C2,"Es una creencia generalizada, según una encuesta nacional en los Estados Unidos, que los musulmanes están vinculados al terrorismo."
C1,"Mi compañero de cuarto es derrochador cuando se trata de gastar dinero en películas; las compra el mismo día de su estreno, sin importar el precio."
C1,El lenguaje profano utilizado en la televisión por cable hace que muchos padres con niños pequeños no quieran suscribirse.
C2,Las ideas de Freud sobre el comportamiento humano lo llevaron a ser reconocido como un pensador profundo.
C1,La comida y la bebida se sirvieron en tal profusión en la boda que la novia y el novio comenzaron a preguntarse si no deberían haber invitado a más invitados.
C1,La proliferación del uso de Internet ha dado lugar a una nueva generación de jóvenes.
B1,"Mis amigos dicen que soy un escritor prolífico, pero no he escrito nada en meses."
C2,Las personas ciegas a veces desarrollan una habilidad compensatoria para percibir la proximidad de los objetos que las rodean.
C1,"Un avaro acumula dinero no porque sea prudente, sino porque es codicioso."
B2,"Cuando ambas chicas le dijeron a John que tenían sentimientos por él, se encontró en un dilema sobre con cuál de ellas debería estar."
C1,"Incluso ahora, muchos años después de la Guerra Fría, todavía hay mucho rencor entre los rusos y los alemanes, especialmente en las áreas que una vez fueron ocupadas por la Unión Soviética."
C1,El abogado defensor estaba seguro de que podría responder a los argumentos del fiscal en su réplica.
C1,Johnson es un recluso; prefiere aislarse del resto de los estudiantes en nuestra clase.
B1,Los maestros deben cansarse de corregir los mismos errores una y otra vez en los trabajos de sus estudiantes.
C1,Las botellas de cerveza que llevé a la fiesta eran redundantes; la familia del anfitrión tenía una cervecería.
B2,Los testigos pudieron refutar el falso testimonio del sospechoso.
B1,El líder del gremio relegó a Vince a un cargo menor porque estaba abusando de su poder.
C2,Juana de Arco se negó a renunciar a su creencia de que la voz que escuchaba era de Dios y de nadie más.
C2,"Conmovidos por los eventos del 11 de septiembre, los políticos de todo el mundo condenaron a los terroristas por su acto reprobable."
B1,James tenía un gran miedo a cometer errores en clase y ser reprendido.
B1,El director reprendía severamente a los estudiantes cada vez que hacían un desorden en el pasillo.
C1,Mis padres repudiarían a mi hermano si alguna vez descubrieran que es gay.
C1,"Para evitar que su idea original fuera copiada, Henry recurrió a la reticencia."
C1,Me gustaría retractarme de mi declaración anterior.
C1,"Para ganar a su audiencia, el orador recurrió a utilizar técnicas retóricas que aprendió en sus cursos de comunicación."
B2,Su padre nunca aprobaría su compromiso con una chica que no compartiera las mismas creencias religiosas que su familia.
B1,Tim es un gran fan de la comedia satírica.
C1,"Aunque Alfred es meticuloso en cumplir con sus deberes en el trabajo, es menos concienzudo con sus obligaciones en casa."
B1,La madre de Spenser a menudo lo examina por cada pequeño error que comete.
C1,"Todos los súbditos del rey, temiendo su ira, a menudo actuaban de manera bastante servil."
C1,Las personas suelen ser bastante escépticas sobre las cosas a menos que se les presente una prueba creíble.
B2,"Por la expresión sombría del doctor, estaba claro que tenía malas noticias para el paciente."
B1,Siempre tengo que revisar mi jardín en busca de charcos de agua estancada para que los mosquitos no se reproduzcan allí.
B1,A veces tiene dificultad para expresar sus opiniones de manera clara.
C1,"Peter era un jugador de videojuegos altruista; daba objetos a las personas que los necesitaban, en lugar de venderlos para obtener ganancias personales."
B2,Jimmy intentó persuadir a sus padres para que le dejaran conducir por todo el país con sus amigos.
C2,Las personas censuradoras se deleitan en echar la culpa.
C1,Los artistas pop prosperan gracias a la adoración de sus leales fans.
C1,Debemos aprender a enfrentar la adversidad con gracia.
C2,Bill Clinton habló en un lenguaje ambiguo cuando se le preguntó sobre su relación con Monica Lewinsky.
B1,Era un anciano benevolente que se ofrecía como voluntario para cortar el césped de sus vecinos de forma gratuita.
C1,Su tono severo y su voz fuerte ocultaban su sensibilidad interior y su naturaleza cariñosa.
C2,El joven rico y hedonista se sentía extrañamente atraído por la vida estricta y ascética que llevaban los miembros de algunas órdenes monásticas.
C1,La estatua del Minute Man conmemora a los valientes soldados que lucharon en la Guerra de Independencia.
C2,"Perplejo por los enigmáticos comentarios de Sherlock Holmes, Watson se preguntó si Holmes estaba ocultando intencionadamente sus pensamientos sobre el crimen."
C1,¿Qué criterio utilizaste al elegir este ensayo como el ganador?
C1,Los estafadores se aprovechan de la credulidad de los inversores inexpertos y los engañan para robarles su dinero.
A2,No puedo bailar ni un solo paso de salsa.
C1,"Incluso si tus oraciones fueran realmente sin sentido, al menos tienes la suerte de poder formar oraciones hermosas."
A2,Me gusta mucho mi trabajo.
C1,"Ray estaba dispuesto a corroborar la historia de Gary, pero la policía seguía sin estar convencida de que alguno de ellos estuviera diciendo la verdad."
B1,El asesino fue condenado y sentenciado a cadena perpetua.
B1,"A veces, los jugadores de hockey se vuelven tan competitivos que estallan peleas."
C1,Había una sensación de restricción en la sala; nadie se atrevía a decirle al rey lo tonto que era su decisión.
C1,El consenso indica que estamos en contra de la idea propuesta.
C2,Un pequeño incendio forestal puede propagarse fácilmente y convertirse rápidamente en una gran conflagración.
C1,"A pesar de haber cumplido su condena en prisión, el asesino nunca fue del todo perdonado por el público por su crimen."
C1,Encuentro que las palabras con definiciones concisas son las más fáciles de recordar.
C1,Aún estaba enojado por el accidente a pesar de las palabras conciliadoras de su esposa.
C2,Un examen superficial de sus dientes indicó que tenía gingivitis.
B1,Fue una sorpresa ver a todos los estudiantes comportándose con decoro en la noche del baile de graduación.
C1,"El artículo de noticias retrató al acusado como un hombre culpable, a pesar de que se había demostrado su inocencia."
C1,El político impulsó la reforma denunciando la corrupción de los funcionarios del gobierno.
C2,La depravación de los actos del rey llevó al pueblo a creer que no era más que un tirano que necesitaba ser derrocado.
B1,Soñé contigo.
A2,Tengo que conseguir una computadora nueva.
A2,¡No voy a perder!
B1,Llegué tarde a la escuela.
A1,Las clases están por comenzar de nuevo pronto.
A2,Creo que voy a estornudar. Dame un pañuelo.
B1,"Por un momento, pensé que se había vuelto loco."
B1,Este día fue solo una pérdida de tiempo y dinero.
B1,Me tomó por sorpresa; no sabía qué hacer.
B1,¡Pero nunca me has hablado de esto!
B1,He cambiado el diseño de mi sitio web.
B1,"Cuando somos pequeños, todo parece tan grande."
A1,Él no me vencerá.
B2,Tengo que hacer la colada mientras todavía esté soleado.
B2,"Lo siento, no creo que pueda."
B1,Tuviste mucho tiempo.
A2,¡Deja de criticarme!
A2,"¡Vamos! Háblame, Trang."
B1,Casi he terminado.
A1,¡Toma la otra silla!
A1,¿Cuántos sándwiches quedan?
B1,Ya no estoy inspirado.
C1,No me rebajaré a su nivel.
B1,Podíamos ver la puesta de sol desde la ventana.
B1,Me está volviendo loco.
B1,¿Dijiste que nunca podría ganar?
A1,Está todo oscuro afuera.
B1,¿Qué pasó? Hay agua por todo el apartamento.
B1,"Durante las vacaciones de verano, cenaba a medianoche."
A2,Puedes terminar tu ensayo ahora.
B1,"Dirás y harás cosas que tus padres dijeron e hicieron, incluso si juraste que nunca lo harías."
B2,Estoy vivo aunque no estoy dando ninguna señal de vida.
C1,Nunca intentes morir.
C1,Soy demasiado viejo para este mundo.
C2,La vida comienza cuando nos damos cuenta de quiénes somos realmente.
C1,La vida comienza cuando decides qué esperas de ella.
C1,La vida comienza cuando pagas impuestos.
C1,Lo que no tienes es mejor que lo que sí tienes.
C2,La vida comienza cuando estás listo para vivirla.
B1,Nunca es demasiado tarde para aprender.
B2,"Son solo las cinco de la mañana, pero aun así hay luz."
B1,Él me contó la historia de su vida.
B1,Nunca dije que era frágil.
C2,Me pregunto si estoy hecho para este mundo.
A2,¿De qué estás hablando?
A1,Quiero un dulce.
B1,Sabía que hoy sería divertido.
C2,"Un niño no es un recipiente para llenar, sino un fuego que encender."
C2,"Lamentablemente, muchas personas creerán cosas que se les dicen a través de un correo electrónico que encontrarían implausibles en persona."
C1,"Puede sonar descabellado, pero este es un problema real."
C2,"La policía es muy buena para entender ""Alguien robó mi tarjeta de crédito y acumuló muchos cargos."" Es mucho más difícil hacer que crean en ""Alguien robó mi espada mágica."""
A2,¿Cuando comemos? ¡Tengo hambre!
A1,Tengo clase mañana.
A2,¡No puedo creerlo!
A1,"""Gracias."" ""De nada."""
A1,"¿Cómo se pronuncia ""pronounce""?"
A1,El invierno es mi estación favorita.
B1,Es difícil tener grandes ideas.
C2,Los datos sugieren que la duración óptima de una conferencia puede ser de 30 en lugar de 60 minutos.
B1,Suelo mirar las imágenes antes de leer el texto.
B1,Aprendí mucho de ti.
A1,Caminamos mucho.
B1,Pasé doce horas en el tren.
B1,Ella se enfermó este fin de semana.
A1,"Espera, alguien está tocando a mi puerta."
A1,Él es rico. ¡No necesita dinero!
A2,Él está durmiendo como un bebé.
B1,Están haciendo demasiado ruido. No puedo concentrarme.
A2,Quiero un masaje. Necesito relajarme.
A2,Estás enfermo. Tienes que descansar.
A1,Hay un camino secreto a la izquierda.
C2,Smith ha pasado años estudiando los efectos del sueño y la falta de sueño en la memoria y el aprendizaje.
B1,Ella está pidiendo lo imposible.
B1,Desapareció sin dejar rastro.
A2,Puedo colocar las palmas de mis manos en el suelo sin doblar las rodillas.
C1,No puede haber progreso sin comunicación.
C1,Todo el mundo quisiera creer que los sueños pueden hacerse realidad.
C1,La mejor manera de hacer realidad tus sueños es despertarte.
B1,El mundo no gira a tu alrededor.
B1,El mundo está lleno de tontos.
B1,¿Estás diciendo que mi vida está en peligro?
B1,¿Tienes alguna idea de cómo es mi vida?
B1,Este lugar tiene una atmósfera misteriosa.
C1,Espero con interés conocer tus opiniones sobre este asunto.
B1,¿Y qué si soy gay? ¿Es un crimen?
B1,Mi vida es vacía sin él.
A2,No quiero fallar mis exámenes.
B1,Mi madre compró dos botellas de jugo de naranja.
A1,Ella llevaba un sombrero negro.
B1,Hicimos panqueques para el desayuno.
B1,Pasé toda la tarde charlando con amigos.
A2,Quiero ser más independiente.
B1,¿Vas a quedarte parado ahí todo el día?
A1,Un conejo tiene orejas largas y una cola corta.
B1,Mi corazón estaba lleno de felicidad.
B1,Él desea borrar los malos recuerdos.
B1,"Señor, no se le permite estacionar su coche aquí."
B1,Tu secreto estará a salvo conmigo.
A2,No quiero escuchar más de tus quejas.
B2,Diles que me llamen antes de que se vayan.
C1,Deberías haber rechazado una propuesta tan injusta.
B1,No tengo la fuerza para seguir intentando.
C1,Las matemáticas no son solo la memorización de fórmulas.
B1,No quise darte esa impresión.
A1,¡Sí! ¡Gané dos veces seguidas!
A2,Estoy cansado de comer comida rápida.
B1,Estoy enfermo y cansado de estar enfermo y cansado.
A2,No puedo esperar para irme de vacaciones.
B1,Las habitaciones de este hotel son realmente muy malas para amortiguar los sonidos. ¡Puedo escuchar a mi vecino masticando su chicle!
C2,La esencia de las matemáticas es la libertad.
B1,¿Puedes imaginar cómo sería nuestra vida sin electricidad?
A1,¿Dónde está el baño?
C1,"Si le prestas a alguien 20 dólares y nunca vuelves a ver a esa persona, probablemente valió la pena."
C2,La esencia de la libertad es la matemática.
C1,Su historia era demasiado ridícula para que alguien la creyera.
A2,¿Cuántas horas de sueño necesitas?
A2,Cada persona es un mundo.
B1,Tengo nacionalidad francesa pero orígenes vietnamitas.
B1,Es muy frustrante intentar encontrar tus gafas cuando no puedes ver nada sin ellas.
B1,¿Crees que la humanidad colonizará algún día la Luna?
C1,¿Qué canciones famosas desearías haber compuesto y por qué?
B1,"Voy a comprarme una cámara nueva, digital esta vez."
A2,Estoy loco por ti.
A2,No sé qué es peor.
C1,La vida en prisión es peor que la vida de un animal.
B1,Estoy orgulloso de ser parte de este proyecto.
C2,La belleza está en los ojos de quien la mira.
A1,¿Quién compra este tipo de arte?
C2,¿Por qué no podemos hacernos cosquillas a nosotros mismos?
C1,La respuesta nos lleva a un círculo vicioso.
B1,Estoy demasiado perezoso para hacer mi tarea.
B1,¿Qué... todavía no sabes conducir?
A1,¿Ya tienes barba?
B1,Siento que soy libre.
C2,La libertad no es gratuita.
B1,Creé un acceso directo en el escritorio.
A2,¡Quiero un reproductor de MP3!
B1,Mi hermano es muy importante. Al menos él cree que lo es.
B2,"Mientras comía una pizza, estaba molestando a su hermana."
C1,"A este ritmo, es poco probable que terminemos antes de que acabe la semana."
C1,Supongo que mi perspectiva sobre la amistad es bastante sombría porque nunca he tenido que depender de nadie para nada.
A2,¿¡Qué?! ¿¡Te comiste mi oso de chocolate!?
B1,"No, no puedo dejarte entrar, hay una persona de más."
A1,¿Dónde estás?
A2,Te hará comer tierra.
C2,Tiene una cara como un mes de domingos lluviosos.
C1,"¡Santo cielo, quién es el idiota que se atreve a llamarme en medio de la noche?!"
B1,Él acaba de publicar una interesante serie de artículos.
A2,¡Me haces enojar!
A2,¡De ninguna manera!
A2,Es un callejón sin salida.
C1,No necesariamente confío en las traducciones.
C2,Compartir la pasión de uno es vivirla plenamente.
B1,"Anteayer impresionaste a todos, pero yo ya te conocía."
C1,"Si te mostrara mi casa, mi vecindario de entonces, ¿entenderías de dónde soy?"
C2,"¡La vida no es larga, es ancha!"
B1,"Cuando tenía tu edad, Plutón era un planeta."
C1,Ella está al borde de un colapso nervioso.
A1,Los elefantes son los animales terrestres más grandes que existen hoy en día.
C1,"Si me enseñas a bailar, te mostraré mis cicatrices ocultas."
C2,Los ascensores en un rascacielos son sistemas vitales.
B1,Las frutas y verduras son esenciales para una dieta equilibrada.
A1,"El queso es un alimento sólido hecho de la leche de vacas, cabras, ovejas y otros mamíferos."
C2,"Todavía no me gustan Cavalieri, Tonelli ni Fubini... y mi examen oral de cálculo ya es mañana."
A2,Normalmente me ducho por la tarde.
B1,Pasó la tarde leyendo un libro.
B1,Has estado pensando en este problema toda la mañana. Tómate un descanso; ve a almorzar.
C1,"Si no lo hago ahora, nunca lo haré."
A1,Buenas noches. Dulces sueños.
B2,Esta canción es tan conmovedora que me hace llorar.
B1,Hay muchas cosas que no sabes sobre mi personalidad.
B2,"Quizás tienes razón, he sido egoísta."
B1,Todos merecen una segunda oportunidad.
B2,"Cuando pedimos dinero prestado, debemos ponernos de acuerdo en las condiciones."
B1,¿Cuál es la ventaja de esta tecnología?
B2,"Si no tienes este programa, puedes descargarlo ahora."
B1,El titular llamó mi atención esta mañana.
B1,Gonzales ofrece una bicicleta a todos sus empleados en Europa.
B1,Hay 1000 películas que uno debe ver antes de morir.
C1,"Me han dicho que soy pragmático, y lo soy."
B2,"Prefiero buscar una solución a los problemas, no solo reportarlos."
B1,Me estoy quedando sin ideas.
C2,"Las siete preguntas que un ingeniero debe hacerse son: quién, qué, cuándo, dónde, por qué, cómo y cuánto."
C2,¿Todavía te preguntas cuál es el significado de la vida?
C2,¿Cuándo se puede decir que una persona tiene problemas con el alcohol?
A2,Recuerda que todos estamos en el mismo barco.
C2,"Todo lo que necesito saber sobre la vida, lo aprendí de un muñeco de nieve."
B1,Verifica que tu nombre de usuario y contraseña estén escritos correctamente.
B1,Las despedidas siempre son tristes.
A2,¡No te olvides de nosotros!
B1,El tiempo ha pasado muy rápido.
A1,¿Cuál es tu equipaje?
A1,"Abre el armario a la izquierda, las botellas están ahí."
B1,También hay discotecas donde se baila flamenco.
A1,La entrada incluye una bebida.
B2,Sugiero que salgamos el viernes.
A2,Así mato dos pájaros de un tiro.
A2,¿Tienes experiencia profesional?
A2,¿Cuánto se deja de propina en España?
A1,¿Quién pintó esta pintura?
B1,"A esta hora, hay un tráfico increíble."
B1,Nosotros los hombres estamos acostumbrados a esperar a las mujeres.
B2,¿No te da vergüenza hablar así?
A2,"Ahora tengo que irme, están llamando para mi vuelo."
A1,Él es argentino y da clases de tenis.
A2,"Por favor, ¿puedes indicarme esto en el mapa?"
A1,El grifo está goteando.
A2,"Por favor, díganos dónde hay un supermercado."
A2,Estoy embarazada de cuatro meses.
A1,Tengo un marcapasos.
A2,Me gustaría baterías para este dispositivo.
A2,¿Puedo pagar con tarjeta de crédito?
A2,"Corta, lava y seca, por favor."
A2,Alimento a mi gato todas las mañanas y todas las noches.
A2,"¿Podrías repetir eso, por favor?"
B1,"En general, ¿quién visita más a sus padres, los hijos o las hijas?"
C1,"Por supuesto, sería más barato para ti dormir en nuestra casa."
A1,Lo encontrarás en una ferretería.
C1,Todo esfuerzo merece una recompensa.
A2,Cuesta un ojo de la cara.
C2,Más del 90 por ciento de las visitas a una página web provienen de motores de búsqueda.
A2,Necesito tu consejo.
A2,¿Tienes alguna idea de dónde puse mis llaves?
B1,Me estoy preparando para lo peor.
B1,¿Por qué me despertaste para decirme algo tan importante? ¡Ahora nunca podré concentrarme en mi trabajo!
B1,Eso suena interesante. ¿Qué le dijiste?
A1,¿Dónde está tu veinte? Te doy cinco dólares por él.
B2,"Poco a poco, notarás mejoras en tus escritos."
B1,"Sabía que era plástico, pero sabía a madera."
B1,"A veces, Spenser se preocupa tanto por Trang que la lleva a creer que está siendo sobreprotector."
C2,Hay cosas en este mundo que simplemente no se pueden expresar con palabras.
C2,La forma más pérfida de dañar una causa consiste en defenderla deliberadamente con argumentos defectuosos.
A1,Cuídate mucho.
C1,"Mientras se sienta en la oscuridad, tecleando en su computadora, escucha el sonido de los pájaros matutinos cantando y se da cuenta de que ha estado despierto toda la noche, pero el insomne aún se niega a dormir."
C1,"Por más que lo intentes, no puedes imponer una creencia a otra persona, y mucho menos a ti mismo."
C2,Las funciones seno y coseno toman valores entre -1 y 1 (incluyendo -1 y 1).
C2,Estoy en contra de usar la muerte como castigo. También estoy en contra de usarla como recompensa.
C2,La segunda mitad de la vida de un hombre está compuesta únicamente por los hábitos que ha adquirido durante la primera mitad.
A2,¿Puedo quedarme en tu casa? No tengo a dónde ir.
C2,"Según un nuevo informe, las niñas tienen más probabilidades que los niños de estar desnutridas, sufrir pobreza, enfrentar violencia y ser privadas de educación."
C1,"Si tan solo dejáramos de intentar ser felices, podríamos pasar un buen rato."
C2,"El 18 de mayo, una joven pareja japonesa fue arrestada después de que su bebé de un año fuera encontrado envuelto en una bolsa de plástico y arrojado en una cuneta."
C2,"Estamos atormentados por una vida ideal, y es porque llevamos dentro de nosotros el comienzo y la posibilidad de alcanzarla."
C2,"La muerte es solo un horizonte, y un horizonte no es más que el límite de nuestra vista."
C2,La teoría científica que más me gusta es que los anillos de Saturno están compuestos enteramente de equipaje perdido.
C2,La única forma en la Tierra de multiplicar la felicidad es dividirla.
C2,Un error conocido es mejor que una verdad desconocida.
C2,"La vida no es una ciencia exacta, es un arte."
C2,Todo es teóricamente imposible hasta que se hace.
C1,"Hasta que hagas las paces con quien eres, nunca estarás contento con lo que tienes."
C1,"Puedes sentirte decepcionado si fracasas, pero estás condenado si no lo intentas."
C2,"El aburrimiento es la sensación de que todo es una pérdida de tiempo; la serenidad, que nada lo es."
C1,"Nunca pierdas de vista la importancia de un hermoso amanecer, de ver a tus hijos dormir o del olor de la lluvia. A menudo son las pequeñas cosas las que realmente importan en la vida."
C2,No hay distancia en esta tierra tan lejana como ayer.
C2,Solo aquellos que se arriesgan a ir demasiado lejos sabrán hasta dónde se puede llegar.
C2,Cada hombre toma los límites de su propio campo de visión como los límites del mundo.
C2,Podemos viajar en el tiempo. Y lo hacemos a la notable velocidad de un segundo por segundo.
C2,"El verdadero problema no es si las máquinas piensan, sino si los hombres lo hacen."
C1,Mi interés está en el futuro porque voy a pasar el resto de mi vida allí.
C2,"El mundo es un libro, y aquellos que no viajan solo leen una página."
C1,¡El problema con muchas cosas son las ideas preconcebidas que tenemos sobre ellas!
C2,La mejor manera de predecir el futuro es inventarlo.
C2,La publicidad puede describirse como la ciencia de detener la inteligencia humana el tiempo suficiente para obtener dinero de ella.
C2,"Si supiéramos lo que estamos haciendo, no se llamaría investigación, ¿verdad?"
C2,"Para el hombre que solo tiene un martillo en su caja de herramientas, cada problema parece un clavo."
C2,Nada es imposible para el hombre que no tiene que hacerlo él mismo.
C2,Esa es la cuestión con las personas que piensan que odian las computadoras. Lo que realmente odian son los programadores mediocres.
C2,"No es el más fuerte de la especie el que sobrevive, ni el más inteligente, sino el que más se adapta al cambio."
B2,"Creo que es bueno que los libros sigan existiendo, pero me hacen sentir sueño."
C2,No puedo entender por qué la gente tiene miedo a las nuevas ideas. Yo tengo miedo de las viejas.
C2,La esperanza no es una estrategia.
B1,"Japón está lleno de ciudades hermosas. Kioto y Nara, por ejemplo."
A2,Te están esperando frente a la puerta.
A2,¿Tienes un bolígrafo contigo?
A1,¿De quién es esto?
B1,"Como Mario me mintió, ya no le hablo."
A1,Es una buena oferta.
A2,Recoge tus cosas y vete.
A1,¡Baja las manos!
A2,"El que ríe último, ríe mejor."
B2,"Cuanto antes, mejor."
B1,No parece de su edad.
A2,¿Te gusta el rap?
A2,Me encantan los viajes.
B1,Realmente no esperaba eso de ti.
B1,He estado esperando durante horas.
B1,Él murió a una edad muy avanzada.
A1,Es un veterano.
A1,Ese es el problema.
C2,"Somos lo que pretendemos ser, así que debemos tener cuidado con lo que pretendemos ser."
A1,No lo conozco.
A2,Me gustó esta película.
A2,Ella está nadando en dinero.
A1,No es importante.
A2,No me importa.
B1,Estaba a punto de salir cuando sonó el teléfono.
A2,Mira con atención. Te voy a mostrar cómo se hace.
B1,La gente debería entender que el mundo está cambiando.
C2,"El habla es plata, pero el silencio es oro."
C2,El cincuenta y dos por ciento de las mujeres británicas prefieren el chocolate al sexo.
A2,No me gustan estos comentarios.
B2,No estoy convencido en absoluto.
A2,¿Por qué quieres irte hoy?
A1,Voy a llevar mi coche.
B2,Es demasiado bueno para ser verdad.
C2,No puedes lograr lo imposible sin intentar lo absurdo.
C2,"Debes contar solo contigo mismo, pero incluso entonces, no demasiado."
C1,Estar en silencio en clase es respetar el sueño de los demás.
C2,La lógica es un método sistemático para llegar a la conclusión equivocada con confianza.
C2,El axioma de Cole: La suma de la inteligencia en el planeta es una constante; la población está creciendo.
C1,La gente aceptará tu idea mucho más fácilmente si les dices que Benjamin Franklin la dijo primero.
C2,"Si ves a un hombre acercándose a ti con la clara intención de hacerte el bien, deberías correr por tu vida."
C2,Aprendemos por experiencia que los hombres nunca aprenden nada de la experiencia.
A2,Más vale tarde que nunca.
A2,"De tal palo, tal astilla."
A2,"A quien madruga, Dios le ayuda."
B1,En la vida hay altibajos.
C2,Todos los gatos son grises en la oscuridad.
A2,Enséñame cómo lo haces.
A2,"No hay noticias, son buenas noticias."
C2,"La riqueza llega a quienes hacen que las cosas sucedan, no a quienes dejan que las cosas sucedan."
C1,"Si piensas que la educación es cara, espera a ver lo que te cuesta la ignorancia."
A1,¡Lo esperaba!
C2,El mundo se divide en personas que hacen las cosas y personas que se llevan el crédito.
B1,No espero nada de ti.
A1,Espera en la sala de espera.
C2,Más personas se meten en problemas por lo que dicen que por lo que hacen.
UNKNOWN,"Las personas que te mentirán por ti, también te mentirán a ti."
C1,No hay duda.
C2,No hay ninguna solución.
C2,"En el mundo empresarial actual, demasiados ejecutivos gastan dinero que no han ganado para comprar cosas que no necesitan para impresionar a personas con las que ni siquiera se gustan."
B1,No sabía que bebiera tanto.
C1,Cualquier actividad que debas realizar llevará más tiempo del que tienes disponible.
UNKNOWN,Muy bien hecho.
A1,¿Quieres jugo de fruta?
A1,Es una buena persona.
UNKNOWN,Haz lo que te guste.
A1,¡Buen provecho!
C2,No hay amor sin celos.
C2,Ningún amor es malo ni prisión es justa.
A2,No había ni un alma.
A2,Estamos cortados del mismo paño.
A2,Las paredes tienen oídos.
A2,Tengo un sapo en la garganta.
A2,Siéntete como en casa.
C2,Nada grandioso se ha logrado jugando a lo seguro.
C2,"En general, se sabe poco sobre las ecuaciones diferenciales no lineales de segundo orden."
C2,Mali es uno de los países más pobres de África subsahariana.
C2,"En esta etapa, aún no hay una política energética clara para llevar energía descentralizada a las zonas rurales."
A2,¿Por qué no vienes con nosotros?
A2,No puedo decir lo contrario.
C2,¿Por qué me hablas de hipopótamos de repente? No veo la conexión entre eso y tus doce peces de oro rojos.
B2,"No le escuches, está hablando tonterías."
B2,No te puedes perder en las grandes ciudades; ¡hay mapas por todas partes!
A2,"Lo sentimos, la persona que intenta contactar no está disponible."
A1,Ya no lo quiero.
B1,Él vino varias veces.
C1,Nos preguntamos por qué.
A2,Debemos pensar en los amigos.
A1,Voy a tomar un baño.
B2,"Estaba lloviendo cuando salimos, pero para cuando llegamos, hacía sol."
A1,Salimos en tren.
B2,"Si comes demasiado, te volverás gordo."
C1,No sé si lo habría hecho por mí.
A2,¿Te gustaría venir?
B2,Sabía que él aceptaría.
B2,"Ella vendría gustosamente, pero estaba de vacaciones."
A1,Pensé que era verdad.
B2,Este es el pueblo del que te hablé.
B2,Este es el chico en el que pienso.
B2,Se le ha advertido en varias ocasiones.
A2,Tengo que devolver el libro antes del sábado.
C2,Nos esforzamos tanto por mejorar las cosas para nuestros hijos que las empeoramos.
B1,"Hola, solo quería informarte que el problema está solucionado."
B2,¿Cómo puedes tener una laptop y no un teléfono celular?
B1,Fui a tomar una cerveza con amigos.
B1,Él saltó por la ventana.
B1,Ayer nos divertimos.
A1,Ellos discutieron.
A1,Comí caviar.
B1,Ha cambiado mucho desde la última vez.
B1,Este cuchillo me fue muy útil.
A1,Tomaste la llave equivocada.
A1,Logré entrar.
A1,¿Cuánto cuesta?
A1,Te traigo la cuenta de inmediato.
A1,Aquí está su cambio.
